<DOMDocument xmlns:xsi="http://www.w3.org/2001/XMLSchema-instance" xmlns="http://ns.adobe.com/xfl/2008/" currentTimeline="1" xflVersion="2.1" creatorInfo="Adobe Flash Professional CS5.5" platform="Windows" versionInfo="Saved by Adobe Flash Windows 11.5 build 325" majorVersion="11" minorVersion="5" buildNumber="325" gridSpacingX="50" gridSpacingY="50" gridSnapAccuracy="Always snap" gridSnapTo="true" guidesSnapTo="false" gridVisible="true" snapAlign="false" nextSceneIdentifier="2" playOptionsPlayLoop="false" playOptionsPlayPages="false" playOptionsPlayFrameActions="false" autoSaveEnabled="true" autoSaveHasPrompted="true">
     <folders>
          <DOMFolderItem name="levels" itemID="4fb8a824-000002c1" isExpanded="true"/>
          <DOMFolderItem name="objs" itemID="4fb8a8a8-000002cd" isExpanded="true"/>
     </folders>
     <symbols>
          <Include href="levels/level0.xml" loadImmediate="false" itemID="4fb8a843-000002c6" lastModified="1337583153"/>
          <Include href="levels/level1.xml" loadImmediate="false" itemID="4fb8a862-000002c9" lastModified="1337584106"/>
          <Include href="levels/level2.xml" loadImmediate="false" itemID="4fb9e9ea-0000027b" lastModified="1337584808"/>
          <Include href="objs/end.xml" loadImmediate="false" itemID="4fb9d926-000001e0" lastModified="1337579822"/>
          <Include href="objs/start.xml" loadImmediate="false" itemID="4fb9d90f-000001da" lastModified="1337580010"/>
          <Include href="objs/stone.xml" loadImmediate="false" itemID="4fb8a907-000002ce" lastModified="1337580156"/>
     </symbols>
     <timelines>
          <DOMTimeline name="场景 1">
               <layers>
                    <DOMLayer name="图层 1" color="#4FFF4F" current="true" isSelected="true">
                         <frames>
                              <DOMFrame index="0" keyMode="9728">
                                   <elements/>
                              </DOMFrame>
                         </frames>
                    </DOMLayer>
               </layers>
          </DOMTimeline>
     </timelines>
     <PrinterSettings/>
     <publishHistory>
          <PublishItem publishSize="578" publishTime="1337584400"/>
          <PublishItem publishSize="578" publishTime="1337584267"/>
          <PublishItem publishSize="577" publishTime="1337583300"/>
          <PublishItem publishSize="579" publishTime="1337583145"/>
          <PublishItem publishSize="579" publishTime="1337582971"/>
          <PublishItem publishSize="579" publishTime="1337580235"/>
          <PublishItem publishSize="579" publishTime="1337579804"/>
          <PublishItem publishSize="553" publishTime="1337504603"/>
          <PublishItem publishSize="871" publishTime="1337504595"/>
          <PublishItem publishSize="870" publishTime="1337504571"/>
          <PublishItem publishSize="871" publishTime="1337502584"/>
          <PublishItem publishSize="868" publishTime="1337501876"/>
     </publishHistory>
</DOMDocument>